/*
SQLyog Community v12.03 (64 bit)
MySQL - 5.6.16 : Database - facelec_ariadna
*********************************************************************
*/

/*!40101 SET NAMES utf8 */;

/*!40101 SET SQL_MODE=''*/;

/*!40014 SET @OLD_UNIQUE_CHECKS=@@UNIQUE_CHECKS, UNIQUE_CHECKS=0 */;
/*!40014 SET @OLD_FOREIGN_KEY_CHECKS=@@FOREIGN_KEY_CHECKS, FOREIGN_KEY_CHECKS=0 */;
/*!40101 SET @OLD_SQL_MODE=@@SQL_MODE, SQL_MODE='NO_AUTO_VALUE_ON_ZERO' */;
/*!40111 SET @OLD_SQL_NOTES=@@SQL_NOTES, SQL_NOTES=0 */;
USE `facelec_ariadna`;

/*Table structure for table `administrador` */

DROP TABLE IF EXISTS `administrador`;

CREATE TABLE `administrador` (
  `administrador_id` int(11) NOT NULL AUTO_INCREMENT,
  `login` varchar(255) NOT NULL,
  `password` varchar(255) NOT NULL,
  `nombre` varchar(255) NOT NULL,
  `email` varchar(255) DEFAULT NULL,
  `certsn` varchar(255) DEFAULT NULL,
  PRIMARY KEY (`administrador_id`),
  UNIQUE KEY `idx_login` (`login`)
) ENGINE=InnoDB AUTO_INCREMENT=470 DEFAULT CHARSET=utf8;

/*Data for the table `administrador` */

insert  into `administrador`(`administrador_id`,`login`,`password`,`nombre`,`email`,`certsn`) values (467,'j2','juan','Juan Gomez Socs','juan@gmail.com','09C042D451F3F466'),(468,'maria','d2','Maria','maria@gmail.com','ERTTTA'),(469,'rafa','rafa','Rafael Garcia','rafa@myariadna.com','09C042D451F3F466');

/*Table structure for table `cliente` */

DROP TABLE IF EXISTS `cliente`;

CREATE TABLE `cliente` (
  `nombre` varchar(255) DEFAULT NULL,
  `login` varchar(255) DEFAULT NULL,
  `i_d` int(11) NOT NULL AUTO_INCREMENT,
  `f_nueva` tinyint(4) DEFAULT NULL,
  `id_empresa` int(11) DEFAULT NULL,
  `email` varchar(255) DEFAULT NULL,
  `contrasena` varchar(255) DEFAULT NULL,
  `codclien_ariges` int(11) DEFAULT NULL,
  `cif` varchar(255) DEFAULT NULL,
  `codclien__arigasol` int(11) NOT NULL,
  `codclien_ariagro` int(11) NOT NULL,
  `tiene_factura_p_r_o_v` tinyint(4) NOT NULL,
  `cod_socio_ariagro` int(11) NOT NULL,
  `cod_clien_ariges2` int(11) NOT NULL,
  `cod_teletaxi` int(11) NOT NULL,
  `cod_gessoc` int(11) DEFAULT NULL,
  `cod_socio_aritaxi` int(11) DEFAULT NULL,
  `organoGestorCodigo` varchar(255) DEFAULT NULL,
  `unidadTramitadoraCodigo` varchar(255) DEFAULT NULL,
  `oficinaContableCodigo` varchar(255) DEFAULT NULL,
  PRIMARY KEY (`i_d`),
  KEY `idx_cliente_id_empresa` (`id_empresa`),
  CONSTRAINT `ref_cliente_empresa` FOREIGN KEY (`id_empresa`) REFERENCES `empresa` (`id_empresa`)
) ENGINE=InnoDB AUTO_INCREMENT=1484 DEFAULT CHARSET=latin1;

/*Data for the table `cliente` */

insert  into `cliente`(`nombre`,`login`,`i_d`,`f_nueva`,`id_empresa`,`email`,`contrasena`,`codclien_ariges`,`cif`,`codclien__arigasol`,`codclien_ariagro`,`tiene_factura_p_r_o_v`,`cod_socio_ariagro`,`cod_clien_ariges2`,`cod_teletaxi`,`cod_gessoc`,`cod_socio_aritaxi`,`organoGestorCodigo`,`unidadTramitadoraCodigo`,`oficinaContableCodigo`) values ('SERVEF - SERVICIO DE CONTRATACION Y','Q4601048D',1468,1,6,'rafa@myariadna.com','Q4601048D',0,'Q4601048D',0,0,0,0,0,823,NULL,0,NULL,NULL,NULL),('UNIVERSIDAD PUBLICA DE NAVARRA','Q3150012G',1469,1,6,'rafa@myariadna.com','Q3150012G',0,'Q3150012G',0,0,0,0,0,7,NULL,0,NULL,NULL,NULL),('SERCOPI LEVANTE, S.L.','B96460605',1470,1,6,'rafa@myariadna.com','B96460605',0,'B96460605',0,0,0,0,0,14,NULL,0,NULL,NULL,NULL),('SONDEOS,ESTRUCTURAS GEOTECNIA','A46228730',1471,1,6,'rafa@myariadna.com','A46228730',0,'A46228730',0,0,0,0,0,16,NULL,0,NULL,NULL,NULL),('CORTS VALENCIANES','S9600003I',1472,1,6,'rafa@myariadna.com','S9600003I',0,'S9600003I',0,0,0,0,0,20,NULL,0,'A14002963','A14003283','A14003281'),('PINTURAS BLANC Y BLAU, SL','B96600499',1473,1,6,'rafa@myariadna.com','B96600499',0,'B96600499',0,0,0,0,0,63,NULL,0,NULL,NULL,NULL),('SERVICIOS Y GESTION ELECTRONICA 2, S.L.','B97572846',1474,1,6,'rafa@myariadna.com','B97572846',0,'B97572846',0,0,0,0,0,64,NULL,0,NULL,NULL,NULL),('TECNICA Y PROYECTOS, S.A.','A28171288',1475,1,6,'rafa@myariadna.com','A28171288',0,'A28171288',0,0,0,0,0,76,NULL,0,NULL,NULL,NULL),('LABORATORIOS BABE, S.L.','B96846472',1476,1,6,'rafa@myariadna.com','B96846472',0,'B96846472',0,0,0,0,0,79,NULL,0,NULL,NULL,NULL),('LAS PROVINCIAS','A46007126',1477,1,6,'rafa@myariadna.com','A46007126',0,'A46007126',0,0,0,0,0,98,NULL,0,NULL,NULL,NULL),('INSTITUT VALENCIA DE LA JOVENTUT','Q9650007I',1478,1,6,'rafa@myariadna.com','Q9650007I',0,'Q9650007I',0,0,0,0,0,187,NULL,0,NULL,NULL,NULL),('INST. TEC.  EMBALAJE, TRANSP. LOGISTICA','G96308184',1479,1,6,'rafa@myariadna.com','G96308184',0,'G96308184',0,0,0,0,0,201,NULL,0,NULL,NULL,NULL),('INDUSTRIA TECNICA VALENCIANA, S.A','A46152336',1480,1,6,'rafa@myariadna.com','A46152336',0,'A46152336',0,0,0,0,0,236,NULL,0,NULL,NULL,NULL),('R.N.B.','B96246350',1481,1,6,'rafa@myariadna.com','B96246350',0,'B96246350',0,0,0,0,0,279,NULL,0,NULL,NULL,NULL),('O.N.C.E.','Q2866004A',1482,1,6,'rafa@myariadna.com','Q2866004A',0,'Q2866004A',0,0,0,0,0,381,NULL,0,NULL,NULL,NULL),('GENERALITAT VALENCIANA*','S4611001A',1483,1,10,'rafa@myariadna.com','S4611001A',5940,'S4611001A',0,0,0,0,0,0,NULL,0,NULL,NULL,NULL);

/*Table structure for table `departamento` */

DROP TABLE IF EXISTS `departamento`;

CREATE TABLE `departamento` (
  `departamento_id` int(11) NOT NULL AUTO_INCREMENT,
  `codclien` int(11) DEFAULT NULL,
  `coddirec` int(11) DEFAULT NULL,
  `nombre` varchar(255) DEFAULT NULL,
  PRIMARY KEY (`departamento_id`)
) ENGINE=InnoDB AUTO_INCREMENT=3 DEFAULT CHARSET=utf8;

/*Data for the table `departamento` */

insert  into `departamento`(`departamento_id`,`codclien`,`coddirec`,`nombre`) values (1,5940,13,'CON. GOBERN.D.G.SEG. POLI. AUT'),(2,5940,15,'C.I.T.M.A SERV.TERRITOR.CARRET');

/*Table structure for table `empresa` */

DROP TABLE IF EXISTS `empresa`;

CREATE TABLE `empresa` (
  `nombre` varchar(255) DEFAULT NULL,
  `id_empresa` int(11) NOT NULL AUTO_INCREMENT,
  `cif` varchar(255) DEFAULT NULL,
  PRIMARY KEY (`id_empresa`)
) ENGINE=InnoDB AUTO_INCREMENT=11 DEFAULT CHARSET=latin1;

/*Data for the table `empresa` */

insert  into `empresa`(`nombre`,`id_empresa`,`cif`) values ('ALZICOOP COOP.V.  (Sección Gasolinera)',1,'F46024196'),('Ariadna Software S.L.',5,'B96470190'),('C.V.L. TELE TAXI',6,'F46221503'),('Agro-Citrica de Picassent C.V.',7,'F46026621'),('TELE-TAXI',8,'B99999999'),('WHOSE IP AGENCY, S.L.',9,'B98553589'),('TEINSA S.L.',10,'B46155719');

/*Table structure for table `estado` */

DROP TABLE IF EXISTS `estado`;

CREATE TABLE `estado` (
  `codigo` varchar(255) NOT NULL,
  `nombre` varchar(255) DEFAULT NULL,
  `descripcion` text,
  PRIMARY KEY (`codigo`)
) ENGINE=InnoDB DEFAULT CHARSET=utf8;

/*Data for the table `estado` */

insert  into `estado`(`codigo`,`nombre`,`descripcion`) values ('1200','Registrada','La factura ha sido registrada en el registro electrónico REC'),('2400','Contabilizada la obligación reconocida','Se ha dado orden de pago de la factura'),('2500','Pagada','Factura pagada'),('2600','Rechazada','La Unidad rechaza la factura'),('3100','Anulada','La Unidad aprueba la propuesta de anulación'),('4100','No solicitada anulación','No solicitada anulación'),('4200','Solicitada anulación','Solicitada anulación'),('4300','Aceptada anulación','Aceptada anulación'),('4400','Rechazada anulación','Rechazada anulación');

/*Table structure for table `factura` */

DROP TABLE IF EXISTS `factura`;

CREATE TABLE `factura` (
  `ttal` decimal(20,10) DEFAULT NULL,
  `sistema_id` int(11) NOT NULL,
  `num_serie` varchar(255) DEFAULT NULL,
  `num_factura` int(11) DEFAULT NULL,
  `nueva` tinyint(4) DEFAULT NULL,
  `id_factura` int(11) NOT NULL AUTO_INCREMENT,
  `fecha` datetime DEFAULT NULL,
  `cuota_total` decimal(20,10) DEFAULT NULL,
  `coddirec_ariges` int(11) DEFAULT NULL,
  `id_cliente` int(11) DEFAULT NULL,
  `base_total` decimal(20,10) DEFAULT NULL,
  `es_fra_cliente` bit(1) NOT NULL,
  `imp_retencion` decimal(20,10) NOT NULL,
  `letra_id_fra_prove` varchar(255) DEFAULT NULL,
  `imp_gastos_a_fo` decimal(20,10) NOT NULL,
  `v_codtipom1` varchar(255) DEFAULT NULL,
  `registroFace` varchar(255) DEFAULT NULL,
  `motivoFace` varchar(255) DEFAULT NULL,
  PRIMARY KEY (`id_factura`),
  KEY `idx_factura_id_cliente` (`id_cliente`),
  KEY `idx_factura_sistema_id` (`sistema_id`),
  CONSTRAINT `FK_factura` FOREIGN KEY (`id_cliente`) REFERENCES `cliente` (`i_d`),
  CONSTRAINT `ref_factura_sistema` FOREIGN KEY (`sistema_id`) REFERENCES `sistema` (`sistema_id`)
) ENGINE=InnoDB AUTO_INCREMENT=1656 DEFAULT CHARSET=latin1;

/*Data for the table `factura` */

insert  into `factura`(`ttal`,`sistema_id`,`num_serie`,`num_factura`,`nueva`,`id_factura`,`fecha`,`cuota_total`,`coddirec_ariges`,`id_cliente`,`base_total`,`es_fra_cliente`,`imp_retencion`,`letra_id_fra_prove`,`imp_gastos_a_fo`,`v_codtipom1`,`registroFace`,`motivoFace`) values ('280.7500000000',5,'A',2240626,2,1634,'2014-10-31 00:00:00','25.5200000000',0,1468,'255.2300000000','','0.0000000000','F','0.0000000000',NULL,NULL,NULL),('637.0000000000',5,'A',2240627,2,1635,'2014-10-31 00:00:00','57.9100000000',0,1469,'579.0900000000','','0.0000000000','F','0.0000000000',NULL,NULL,NULL),('32.5100000000',5,'A',2240629,2,1636,'2014-10-31 00:00:00','3.5600000000',0,1470,'28.9500000000','','0.0000000000','F','0.0000000000',NULL,NULL,NULL),('181.5600000000',5,'A',2240630,2,1637,'2014-10-31 00:00:00','17.1100000000',0,1471,'164.4500000000','','0.0000000000','F','0.0000000000',NULL,NULL,NULL),('46.5500000000',5,'A',2240631,2,1638,'2014-10-31 00:00:00','4.2300000000',0,1472,'42.3200000000','','0.0000000000','F','0.0000000000',NULL,'201401057860','2014-12-19 17:55:55'),('16.7100000000',5,'A',2240637,2,1639,'2014-10-31 00:00:00','2.1200000000',0,1473,'14.5900000000','','0.0000000000','F','0.0000000000',NULL,NULL,NULL),('18.0100000000',5,'A',2240638,2,1640,'2014-10-31 00:00:00','2.2400000000',0,1474,'15.7700000000','','0.0000000000','F','0.0000000000',NULL,NULL,NULL),('37.0100000000',5,'A',2240641,1,1641,'2014-10-31 00:00:00','3.9600000000',0,1475,'33.0500000000','','0.0000000000','F','0.0000000000',NULL,NULL,NULL),('138.0600000000',5,'A',2240643,2,1642,'2014-10-31 00:00:00','13.1500000000',0,1476,'124.9100000000','','0.0000000000','F','0.0000000000',NULL,NULL,NULL),('418.9100000000',5,'A',2240649,2,1643,'2014-10-31 00:00:00','38.6800000000',0,1477,'380.2300000000','','0.0000000000','F','0.0000000000',NULL,NULL,NULL),('134.1000000000',5,'A',2240668,2,1644,'2014-10-31 00:00:00','12.1900000000',0,1478,'121.9100000000','','0.0000000000','F','0.0000000000',NULL,NULL,NULL),('28.7600000000',5,'A',2240672,2,1645,'2014-10-31 00:00:00','3.2100000000',0,1479,'25.5500000000','','0.0000000000','F','0.0000000000',NULL,NULL,NULL),('46.6100000000',5,'A',2240683,2,1646,'2014-10-31 00:00:00','4.8400000000',0,1480,'41.7700000000','','0.0000000000','F','0.0000000000',NULL,NULL,NULL),('316.1100000000',5,'A',2240691,0,1647,'2014-10-31 00:00:00','29.3400000000',0,1481,'286.7700000000','','0.0000000000','F','0.0000000000',NULL,NULL,NULL),('195.8600000000',5,'A',2240709,2,1648,'2014-10-31 00:00:00','18.4100000000',0,1482,'177.4500000000','','0.0000000000','F','0.0000000000',NULL,NULL,NULL),('63.7600000000',5,'A',2240843,1,1649,'2014-11-20 00:00:00','7.3100000000',0,1481,'56.4500000000','','0.0000000000','F','0.0000000000',NULL,NULL,NULL),('1899.6800000000',6,'A',3400839,2,1650,'2014-05-06 00:00:00','329.7000000000',13,1483,'1569.9800000000','','0.0000000000','','0.0000000000',NULL,NULL,NULL),('2252.4900000000',6,'A',3401323,2,1651,'2014-07-17 00:00:00','390.9300000000',13,1483,'1861.5600000000','','0.0000000000','','0.0000000000',NULL,NULL,NULL),('1953.0700000000',6,'A',3401324,2,1652,'2014-07-17 00:00:00','338.9600000000',13,1483,'1614.1100000000','','0.0000000000','','0.0000000000',NULL,NULL,NULL),('995.6100000000',6,'A',3401750,2,1653,'2014-10-20 00:00:00','172.7900000000',15,1483,'822.8200000000','','0.0000000000','','0.0000000000',NULL,NULL,NULL),('1679.8200000000',6,'A',3401792,2,1654,'2014-10-27 00:00:00','291.5400000000',13,1483,'1388.2800000000','','0.0000000000','','0.0000000000',NULL,NULL,NULL),('1764.1400000000',6,'A',3401793,2,1655,'2014-10-27 00:00:00','306.1700000000',13,1483,'1457.9700000000','','0.0000000000','','0.0000000000',NULL,NULL,NULL);

/*Table structure for table `firma` */

DROP TABLE IF EXISTS `firma`;

CREATE TABLE `firma` (
  `tsa_user` varchar(255) DEFAULT NULL,
  `tsa_url` varchar(255) DEFAULT NULL,
  `tsa_pass` varchar(255) DEFAULT NULL,
  `posicion_y0` int(11) DEFAULT NULL,
  `posicion_y_y` int(11) DEFAULT NULL,
  `posicion_x0` int(11) DEFAULT NULL,
  `posicion_x_x` int(11) DEFAULT NULL,
  `motivo` varchar(255) DEFAULT NULL,
  `lugar` varchar(255) DEFAULT NULL,
  `logo_path` varchar(255) DEFAULT NULL,
  `id_firma` int(11) NOT NULL AUTO_INCREMENT,
  `certificado_path` varchar(255) DEFAULT NULL,
  `certificado_pass` varchar(255) DEFAULT NULL,
  PRIMARY KEY (`id_firma`)
) ENGINE=InnoDB DEFAULT CHARSET=latin1;

/*Data for the table `firma` */

/*Table structure for table `nifbase` */

DROP TABLE IF EXISTS `nifbase`;

CREATE TABLE `nifbase` (
  `nif` varchar(255) NOT NULL,
  `nombre` varchar(255) DEFAULT NULL,
  PRIMARY KEY (`nif`)
) ENGINE=InnoDB DEFAULT CHARSET=utf8;

/*Data for the table `nifbase` */

insert  into `nifbase`(`nif`,`nombre`) values ('A28171288','TECNICA Y PROYECTOS, S.A.'),('A46007126','LAS PROVINCIAS LEVANTINAS'),('A46152336','INDUSTRIA TECNICA VALENCIANA, S.A'),('A46228730','SONDEOS,ESTRUCTURAS GEOTECNIA'),('B96246350','R.N.B.'),('B96460605','SERCOPI LEVANTE, S.L.'),('B96600499','PINTURAS BLANC Y BLAU, SL'),('B96846472','LABORATORIOS BABE, S.L.'),('B97572846','SERVICIOS Y GESTION ELECTRONICA 2, S.L.'),('G96308184','INST. TEC.  EMBALAJE, TRANSP. LOGISTICA'),('Q2866004A','O.N.C.E.'),('Q3150012G','UNIVERSIDAD PUBLICA DE NAVARRA'),('Q4601048D','SERVEF - SERVICIO DE CONTRATACION Y'),('Q9650007I','INSTITUT VALENCIA DE LA JOVENTUT'),('S4611001A','GENERALITAT VALENCIANA*'),('S9600003I','CORTS VALENCIANES');

/*Table structure for table `plantilla` */

DROP TABLE IF EXISTS `plantilla`;

CREATE TABLE `plantilla` (
  `contenido` text,
  `nombre` varchar(255) DEFAULT NULL,
  `plantilla_id` int(11) NOT NULL,
  `observaciones` text,
  PRIMARY KEY (`plantilla_id`)
) ENGINE=MyISAM DEFAULT CHARSET=latin1;

/*Data for the table `plantilla` */

insert  into `plantilla`(`contenido`,`nombre`,`plantilla_id`,`observaciones`) values ('<p><img alt=\"Ariadna Software\" src=\"http://www.ariadnasw.com/s/cc_images/cache_2448363086.jpg?t=1407486269\" style=\"height:45px; width:120px\" /></p>\n\n<p>Estimado cliente, {0}</p>\n\n<p>Ya se encuentran disponibles las siguientes facturas:</p>\n\n<p>{1}</p>\n\n<p>Que le adjuntamos en este correo. Le recordamos que en nuestra web de facturaci&oacute;n electr&oacute;nica <a href=\"http://facturae.ariadnasw.com\" target=\"_blank\">http://facturae.ariadnasw.com</a>&nbsp;siempre podr&aacute; consultar tanto estas como otras emitidas.</p>\n\n<p>Atentamente.</p>\n\n<p>Ariadna Software S.L.</p>\n','Envio email fact. electronica',1,'{0} Cliente </br>\r\n{1} Detalles de factura </br>\r\n');

/*Table structure for table `repositorio` */

DROP TABLE IF EXISTS `repositorio`;

CREATE TABLE `repositorio` (
  `path` varchar(255) DEFAULT NULL,
  `i_d` int(11) NOT NULL AUTO_INCREMENT,
  PRIMARY KEY (`i_d`)
) ENGINE=InnoDB AUTO_INCREMENT=2 DEFAULT CHARSET=latin1;

/*Data for the table `repositorio` */

insert  into `repositorio`(`path`,`i_d`) values ('C:\\Intercambio\\Repositorio\\',1);

/*Table structure for table `sistema` */

DROP TABLE IF EXISTS `sistema`;

CREATE TABLE `sistema` (
  `sistema_id` int(11) NOT NULL AUTO_INCREMENT,
  `nombre` varchar(255) DEFAULT NULL,
  `base_datos` varchar(255) DEFAULT NULL,
  `descripcion` varchar(255) DEFAULT NULL,
  PRIMARY KEY (`sistema_id`)
) ENGINE=InnoDB AUTO_INCREMENT=7 DEFAULT CHARSET=latin1;

/*Data for the table `sistema` */

insert  into `sistema`(`sistema_id`,`nombre`,`base_datos`,`descripcion`) values (1,'AriGes','ariges1','Gestion,sea Ariges'),(2,'AriGasol','arigasol','Dame mas gasolinera'),(3,'AriAgro','ariagro8','Ariagroooo patxi'),(4,'AriGesDos','ariges6','Telefonia'),(5,'AriTaxi','aritaxi','Teletaxi'),(6,'AriGes','ariges4','AriGes CON');

/*Table structure for table `superusuario` */

DROP TABLE IF EXISTS `superusuario`;

CREATE TABLE `superusuario` (
  `Login` varchar(255) DEFAULT NULL,
  `Id` int(11) NOT NULL AUTO_INCREMENT,
  `Id_empresa` int(11) DEFAULT NULL,
  `Email` varchar(255) DEFAULT NULL,
  `Contrasena` varchar(255) DEFAULT NULL,
  PRIMARY KEY (`Id`),
  KEY `idx_superusuario_Id_empresa` (`Id_empresa`),
  CONSTRAINT `ref_superusuario_empresa` FOREIGN KEY (`Id_empresa`) REFERENCES `empresa` (`id_empresa`)
) ENGINE=InnoDB AUTO_INCREMENT=2 DEFAULT CHARSET=latin1;

/*Data for the table `superusuario` */

insert  into `superusuario`(`Login`,`Id`,`Id_empresa`,`Email`,`Contrasena`) values ('admin',1,1,'rafa@myariadna.com','admin');

/*Table structure for table `unidad` */

DROP TABLE IF EXISTS `unidad`;

CREATE TABLE `unidad` (
  `organoGestorCodigo` varchar(255) NOT NULL,
  `unidadTramitadoraCodigo` varchar(255) NOT NULL,
  `oficinaContableCodigo` varchar(255) NOT NULL,
  `organoGestorNombre` varchar(255) NOT NULL,
  `unidadTramitadoraNombre` varchar(255) NOT NULL,
  `oficinaContableNombre` varchar(255) NOT NULL,
  PRIMARY KEY (`organoGestorCodigo`,`unidadTramitadoraCodigo`,`oficinaContableCodigo`)
) ENGINE=InnoDB DEFAULT CHARSET=utf8;

/*Data for the table `unidad` */

insert  into `unidad`(`organoGestorCodigo`,`unidadTramitadoraCodigo`,`oficinaContableCodigo`,`organoGestorNombre`,`unidadTramitadoraNombre`,`oficinaContableNombre`) values ('A02002836','A02003457','GE0000494','DEPARTAMENTO DE HACIENDA Y ADMINISTRACIÓN PÚBLICA','INTERVENCIÓN GENERAL','INTERVENCION DELEGADA EN EL DPTO. DE HACIENDA Y ADMINISTRACIÓN PÚBLICA'),('A02002839','A02003469','GE0000495','DEPARTAMENTO DE POLÍTICA TERRITORIAL E INTERIOR','D. GRAL. DE ORDENACIÓN DEL TERRITORIO','INTERVENCION DELEGADA DEL DEPARTAMENTO DE POLITICA TERRITORIAL E INTERIOR'),('A02002841','A02003485','GE0000496','DEPARTAMENTO DE INDUSTRIA E INNOVACIÓN','D. GRAL. DE NUEVAS TECNOLOGÍAS','INTERVENCION DELEGADA EN EL DEPARTAMENTO DE INDUSTRIA E INNOVACIÓN'),('A03002954','A03003925','A03003824','CONSEJERÍA DE ECONOMÍA Y EMPLEO','SERVICIO DE DESARROLLO DE APLICACIONES','INTERVENCIÓN GENERAL DEL PRINCIPADO DE ASTURIAS'),('A03002954','A03003926','A03003824','CONSEJERÍA DE ECONOMÍA Y EMPLEO','SERVICIO DE SEGURIDAD','INTERVENCIÓN GENERAL DEL PRINCIPADO DE ASTURIAS'),('A03006374','A03006392','A03005861','DIRECCIÓN GERENCIA SESPA','ÁREA DE SISTEMAS DE LA INFORMACIÓN','SERVICIO DE SALUD DEL PRINCIPADO DE ASTURIAS'),('A04003690','A04003690','A04003690','AGENCIA BALEAR DEL AGUA Y LA CALIDAD AMBIENTAL (ABAQUA)','AGENCIA BALEAR DEL AGUA Y LA CALIDAD AMBIENTAL (ABAQUA)','AGENCIA BALEAR DEL AGUA Y LA CALIDAD AMBIENTAL (ABAQUA)'),('A04005002','A04005002','A04005002','HOSPITAL SON LLATZER','HOSPITAL SON LLATZER','HOSPITAL SON LLATZER'),('A04005004','A04005004','A04005004','AREA DE SALUD DE MENORCA','AREA DE SALUD DE MENORCA','AREA DE SALUD DE MENORCA'),('A06004050','A06004187','A06004135','CENTRO ESTUD.ADMÓN.PUB.REG.CANTABRIA','SERVICIO DE GESTION ECONOMICA Y PRESUPUESTARIA','AREA DE CONTABILIDAD Y GESTION CONTABLE'),('A06004051','A06004276','A06004135','DIREC. GENERAL IGUALDAD, MUJER Y JUVENTUD','SERVICIO DE ADMINISTRACION GENERAL','AREA DE CONTABILIDAD Y GESTION CONTABLE'),('A06004053','A06004294','A06004135','SECRET.GRAL. DE INNOVACIÓN, INDUSTRIA, TURISMO Y COMERCIO','SERVICIO DE GESTION ECONOMICA Y CONTRATACION','AREA DE CONTABILIDAD Y GESTION CONTABLE'),('A06004056','A06004293','A06004135','DIREC. GENERAL TURISMO','SERVICIO DE ADMINISTRACION GENERAL','AREA DE CONTABILIDAD Y GESTION CONTABLE'),('A06004068','A06004117','A06004135','SECRET.GRAL. DE ECONOMIA, HACIENDA Y EMPLEO','SERVICIO DE COORDINACION Y ASUNTOS GENERALES','AREA DE CONTABILIDAD Y GESTION CONTABLE'),('A06004069','A06004117','A06004135','DIREC. GENERAL DE ECONOMIA Y ASUNTOS EUROPEOS','SERVICIO DE COORDINACION Y ASUNTOS GENERALES','AREA DE CONTABILIDAD Y GESTION CONTABLE'),('A06004069','A06004168','A06004135','DIREC. GENERAL DE ECONOMIA Y ASUNTOS EUROPEOS','SERVICIO DE ADMINISTRACION GENERAL','AREA DE CONTABILIDAD Y GESTION CONTABLE'),('A06004069','A06004185','A06004135','DIREC. GENERAL DE ECONOMIA Y ASUNTOS EUROPEOS','SERVICIO DE ADMINISTRACION GENERAL','AREA DE CONTABILIDAD Y GESTION CONTABLE'),('A06004070','A06004117','A06004135','INTERVENCION GENERAL','SERVICIO DE COORDINACION Y ASUNTOS GENERALES','AREA DE CONTABILIDAD Y GESTION CONTABLE'),('A06004072','A06004117','A06004135','DIREC. GENERAL DE FINANZAS','SERVICIO DE COORDINACION Y ASUNTOS GENERALES','AREA DE CONTABILIDAD Y GESTION CONTABLE'),('A08005147','A08005147','A08005147','INTERVENCION GENERAL','INTERVENCION GENERAL','INTERVENCION GENERAL'),('A08005225','A08005225','A08005147','SECRETARIA GENERAL SESCAM','SECRETARIA GENERAL SESCAM','INTERVENCION GENERAL'),('A08005226','A08005226','A08005147','DIRECCION GENERAL ATENCION SANITARIA Y CALIDAD','DIRECCION GENERAL ATENCION SANITARIA Y CALIDAD','INTERVENCION GENERAL'),('A08005227','A08005227','A08005147','DIRECCION GENERAL RECURSOS HUMANOS','DIRECCION GENERAL RECURSOS HUMANOS','INTERVENCION GENERAL'),('A08005228','A08005228','A08005147','DIRECCION GENERAL GESTION ECONOMICA E INFRAESTRUCTURAS','DIRECCION GENERAL GESTION ECONOMICA E INFRAESTRUCTURAS','INTERVENCION GENERAL'),('A08005239','A08005239','A08005147','GERENCIA DE COORDINACION E INSPECCION','GERENCIA DE COORDINACION E INSPECCION','INTERVENCION GENERAL'),('A08005245','A08005245','A08005147','GERENCIA DE URGENCIAS, EMERGENCIAS Y TRANSPORTE SANITARIO (061 CLM)','GERENCIA DE URGENCIAS, EMERGENCIAS Y TRANSPORTE SANITARIO (061 CLM)','INTERVENCION GENERAL'),('A13003081','A13003081','A13003081','INSTITUTO DE LA VIVIENDA DE MADRID (IVIMA)','INSTITUTO DE LA VIVIENDA DE MADRID (IVIMA)','INSTITUTO DE LA VIVIENDA DE MADRID (IVIMA)'),('A13005047','A13005047','A13005047','EMPRESA PÚBLICA HOSPITAL DEL HENARES','EMPRESA PÚBLICA HOSPITAL DEL HENARES','EMPRESA PÚBLICA HOSPITAL DEL HENARES'),('A13005048','A13005048','A13005048','EMPRESA PÚBLICA HOSPITAL DEL SURESTE','EMPRESA PÚBLICA HOSPITAL DEL SURESTE','EMPRESA PÚBLICA HOSPITAL DEL SURESTE'),('A13005049','A13005049','A13005049','EMPRESA PÚBLICA HOSPITAL DEL TAJO','EMPRESA PÚBLICA HOSPITAL DEL TAJO','EMPRESA PÚBLICA HOSPITAL DEL TAJO'),('A13005050','A13005050','A13005050','EMPRESA PÚBLICA HOSPITAL DEL SUR','EMPRESA PÚBLICA HOSPITAL DEL SUR','EMPRESA PÚBLICA HOSPITAL DEL SUR'),('A13005051','A13005051','A13005051','EMPRESA PÚBLICA HOSPITAL DE VALLECAS','EMPRESA PÚBLICA HOSPITAL DE VALLECAS','EMPRESA PÚBLICA HOSPITAL DE VALLECAS'),('A13005052','A13005052','A13005052','EMPRESA PÚBLICA HOSPITAL DEL NORTE','EMPRESA PÚBLICA HOSPITAL DEL NORTE','EMPRESA PÚBLICA HOSPITAL DEL NORTE'),('A14002963','A14003283','A14003281','CONSEJERÍA DE ECONOMÍA Y HACIENDA','D.G. PATRIMONIO, INFORMATICA Y TELECOMUNICACIONES','INTERVENCION GENERAL '),('A14004326','A14004326','A14004326','S.M.S. - SERVICIO MURCIANO DE SALUD','S.M.S. - SERVICIO MURCIANO DE SALUD','S.M.S. - SERVICIO MURCIANO DE SALUD'),('A14004326','A14006215','A14004326','S.M.S. - SERVICIO MURCIANO DE SALUD','AREA I MURCIA OESTE. HOSP. CLINICO VIRGEN ARRIXACA','S.M.S. - SERVICIO MURCIANO DE SALUD'),('A15004634','GE0001246','GE0001267','SERVICIO NAVARRO DE SALUD - OSASUNBIDEA','CHN - SECCIÓN DE APROVISIONAMIENTO','REGISTRO CONTABLE DE FACTURAS DEL GOBIERNO DE NAVARRA'),('E00114604','E04688603','E04688603','CENTRO INVEST.ENERGETICAS MEDIOAMBIENTALES Y TECNOLOGICAS','SECRETARIA GENERAL','SECRETARIA GENERAL'),('E00114604','E04688803','E04688603','CENTRO INVEST.ENERGETICAS MEDIOAMBIENTALES Y TECNOLOGICAS','S.G. DE SEGURIDAD Y MEJORA DE LAS INSTALACIONES DEL CIEMAT','SECRETARIA GENERAL'),('E00114604','E04689003','E04688603','CENTRO INVEST.ENERGETICAS MEDIOAMBIENTALES Y TECNOLOGICAS','DEPARTAMENTO DE ENERGIA','SECRETARIA GENERAL'),('E00114604','E04689103','E04688603','CENTRO INVEST.ENERGETICAS MEDIOAMBIENTALES Y TECNOLOGICAS','DEPARTAMENTO DE MEDIO AMBIENTE','SECRETARIA GENERAL'),('E00114604','E04689203','E04688603','CENTRO INVEST.ENERGETICAS MEDIOAMBIENTALES Y TECNOLOGICAS','DEPARTAMENTO DE TECNOLOGIA','SECRETARIA GENERAL'),('E00114604','E04689303','E04688603','CENTRO INVEST.ENERGETICAS MEDIOAMBIENTALES Y TECNOLOGICAS','DEPARTAMENTO DE INVESTIGACION BASICA','SECRETARIA GENERAL'),('E00114604','E04886202','E04688603','CENTRO INVEST.ENERGETICAS MEDIOAMBIENTALES Y TECNOLOGICAS','S.G. DE RELACIONES INSTITUCIONALES Y TRANSFERENCIA DEL CONOCIMIENTO','SECRETARIA GENERAL'),('E00114604','E04886302','E04688603','CENTRO INVEST.ENERGETICAS MEDIOAMBIENTALES Y TECNOLOGICAS','LABORATORIO NACIONAL DE FUSION','SECRETARIA GENERAL'),('E00116401','EA0003292','E02786801','INSTITUTO NACIONAL DE TECNICA AEROESPACIAL ESTEBAN TERRADAS','UNIDAD DE GESTIÓN DE CONTRATACIÓN Y ADQUISICIONES','SECRETARIA GENERAL'),('E00116401','EA0003292','EA0000117','INSTITUTO NACIONAL DE TECNICA AEROESPACIAL ESTEBAN TERRADAS','UNIDAD DE GESTIÓN DE CONTRATACIÓN Y ADQUISICIONES','I.D. INSTITUTO NACIONAL DE TÉCNICA AEROESPACIAL ESTEBAN TERRADAS'),('E00117701','E02786601','E00117701','CANAL DE EXPERIENCIAS HIDRODINAMICAS DE EL PARDO','CANAL DE EXPERIENCIAS HIDRODINAMICAS DE EL PARDO','CANAL DE EXPERIENCIAS HIDRODINAMICAS DE EL PARDO'),('E00119806','E00119806','E04946701','D.G. DE COMERCIO E INVERSIONES','D.G. DE COMERCIO E INVERSIONES','I.D. MINISTERO DE ECONOMIA Y COMPETITIVIDAD (A. CONTABILIDAD)'),('E00123904','EA0002899','EA0002899','BIBLIOTECA NACIONAL DE ESPAÑA','GESTION ECONOMICA Y PRESUPUESTARIA','GESTION ECONOMICA Y PRESUPUESTARIA'),('E00134203','E03153203','E00134203','CONFEDERACION HIDROGRAFICA DEL JUCAR','PRESIDENCIA','CONFEDERACION HIDROGRAFICA DEL JUCAR'),('E00134203','E03153303','E00134203','CONFEDERACION HIDROGRAFICA DEL JUCAR','OFICINA DE PLANIFICACION HIDROLOGICA','CONFEDERACION HIDROGRAFICA DEL JUCAR'),('E00134203','E03153403','E00134203','CONFEDERACION HIDROGRAFICA DEL JUCAR','SECRETARIA GENERAL','CONFEDERACION HIDROGRAFICA DEL JUCAR'),('E00134203','E03153503','E00134203','CONFEDERACION HIDROGRAFICA DEL JUCAR','DIRECCION TECNICA','CONFEDERACION HIDROGRAFICA DEL JUCAR'),('E00134203','E03153603','E00134203','CONFEDERACION HIDROGRAFICA DEL JUCAR','COMISARIA DE AGUAS','CONFEDERACION HIDROGRAFICA DEL JUCAR'),('E00134203','EA0000080','E00134203','CONFEDERACION HIDROGRAFICA DEL JUCAR','DIVISIÓN I: ANÁLISIS Y PROCEDIMIENTOS ESPECIALES','CONFEDERACION HIDROGRAFICA DEL JUCAR'),('E00142304','EA0002982','EA0003138','INSTITUTO DE LA MUJER','UNIDAD TRAMITADORA DE CAJA INSTITUTO DE LA MUJER Y PARA LA IGUALDAD DE OPORTUNIDADES','OFICINA CONTABLE INSTITUTO MUJER Y PARA LA IGUALDAD DE OPORTUNIDADES'),('E00142304','EA0002983','EA0003138','INSTITUTO DE LA MUJER','UNIDAD TRAMITADORA DE CONTRATACIÓN INSTITUTO DE LA MUJER Y PARA LA IGUALDAD DE OPORTUNIDADES','OFICINA CONTABLE INSTITUTO MUJER Y PARA LA IGUALDAD DE OPORTUNIDADES'),('E00142503','E03601703','E03725704','TESORERIA GENERAL DE LA SEGURIDAD SOCIAL','DIRECCION PROVINCIAL DE LA TGSS DE MADRID','INTERVENCION DELEGADA TERRITORIAL DE MADRID'),('E00142503','E03602303','E03730604','TESORERIA GENERAL DE LA SEGURIDAD SOCIAL','DIRECCION PROVINCIAL DE LA TGSS DE GUIPUZCOA','INTERVENCION DELEGADA TERRITORIAL DE GUIPUZCOA'),('E00142503','E03603503','E03736204','TESORERIA GENERAL DE LA SEGURIDAD SOCIAL','DIRECCION PROVINCIAL DE LA TGSS DE GRANADA','INTERVENCION DELEGADA TERRITORIAL DE GRANADA'),('E00142503','E03604703','E03743404','TESORERIA GENERAL DE LA SEGURIDAD SOCIAL','DIRECCION PROVINCIAL DE LA TGSS DE BURGOS','INTERVENCION DELEGADA TERRITORIAL DE BURGOS'),('E00142503','E03605903','E03749104','TESORERIA GENERAL DE LA SEGURIDAD SOCIAL','DIRECCION PROVINCIAL DE LA TGSS DE GUADALAJARA','INTERVENCION DELEGADA TERRITORIAL DE GUADALAJARA'),('E02668507','E03166203','E03067003','S.G. DE TECNOLOGIAS Y SERVICIOS DE INFORMACION','S.G. DE GESTION ECONOMICA','I.D. MINISTERIO DE LA PRESIDENCIA'),('E02668607','E02686004','E03088004','S.G. DE ADMINISTRACION FINANCIERA DE LA ADMINISTRACION PERIFERICA','SUBDEL.GOB. EN AVILA - S.GRAL.','DELEGACION PROVINCIAL DE ECONOMIA Y HACIENDA DE AVILA - INTERVENCION TERRITORIAL'),('E02702504','E02702504','E02702504','DEL.GOB. EN LA COMUNIDAD VALENCIANA - S.GRAL.','DEL.GOB. EN LA COMUNIDAD VALENCIANA - S.GRAL.','DEL.GOB. EN LA COMUNIDAD VALENCIANA - S.GRAL.'),('E02760603','E02763903','E02760503','SECRETARIA GENERAL ADJUNTA DE OBRAS E INFRAESTRUCTURAS','CENTRO NACIONAL DE BIOTECNOLOGIA','SECRETARIA GENERAL ADJUNTA DE ACTUACION ECONOMICA'),('E02760603','E02764703','E02760503','SECRETARIA GENERAL ADJUNTA DE OBRAS E INFRAESTRUCTURAS','ESTACION BIOLOGICA DE DOÑANA','SECRETARIA GENERAL ADJUNTA DE ACTUACION ECONOMICA'),('E02760603','E02767103','E02760503','SECRETARIA GENERAL ADJUNTA DE OBRAS E INFRAESTRUCTURAS','CENTRO DE CIENCIAS HUMANAS Y SOCIALES','SECRETARIA GENERAL ADJUNTA DE ACTUACION ECONOMICA'),('E02760603','E02770003','E02760503','SECRETARIA GENERAL ADJUNTA DE OBRAS E INFRAESTRUCTURAS','CENTRO DE INVESTIGACIONES CIENTIFICAS ISLA DE LA CARTUJA','SECRETARIA GENERAL ADJUNTA DE ACTUACION ECONOMICA'),('E02760603','E04792401','E02760503','SECRETARIA GENERAL ADJUNTA DE OBRAS E INFRAESTRUCTURAS','SECRETARIA GENERAL ADJUNTA DE INFORMATICA','SECRETARIA GENERAL ADJUNTA DE ACTUACION ECONOMICA'),('E02763903','E02763903','E02760503','CENTRO NACIONAL DE BIOTECNOLOGIA','CENTRO NACIONAL DE BIOTECNOLOGIA','SECRETARIA GENERAL ADJUNTA DE ACTUACION ECONOMICA'),('E02764703','E02764703','E02760503','ESTACION BIOLOGICA DE DOÑANA','ESTACION BIOLOGICA DE DOÑANA','SECRETARIA GENERAL ADJUNTA DE ACTUACION ECONOMICA'),('E02767603','E02767103','E02760503','INSTITUTO DE FILOSOFIA','CENTRO DE CIENCIAS HUMANAS Y SOCIALES','SECRETARIA GENERAL ADJUNTA DE ACTUACION ECONOMICA'),('E02770003','E02770003','E02760503','CENTRO DE INVESTIGACIONES CIENTIFICAS ISLA DE LA CARTUJA','CENTRO DE INVESTIGACIONES CIENTIFICAS ISLA DE LA CARTUJA','SECRETARIA GENERAL ADJUNTA DE ACTUACION ECONOMICA'),('E03054903','E03055103','E00128203','S.G. DE GESTION','S.G. DE RECURSOS HUMANOS','PARQUE MOVIL DEL ESTADO'),('E03118501','E03118501','E03088004','CENTRO PENITENCIARIO DE AVILA','CENTRO PENITENCIARIO DE AVILA','DELEGACION PROVINCIAL DE ECONOMIA Y HACIENDA DE AVILA - INTERVENCION TERRITORIAL'),('E03133004','E03133004','E03078004','ZONA DE MADRID','ZONA DE MADRID','DELEGACION PROVINCIAL DE ECONOMIA Y HACIENDA DE MADRID - INTERVENCION REGIONAL'),('E04075601','E04075601','E04125502','DIRECCION DE LA AGENCIA','DIRECCION DE LA AGENCIA','S.G.DE PRESUPUESTOS Y GESTION FINANCIERA'),('E04075601','E04075701','E04125502','DIRECCION DE LA AGENCIA','DEPARTAMENTO DE GESTION TRIBUTARIA','S.G.DE PRESUPUESTOS Y GESTION FINANCIERA'),('E04075601','E04075801','E04125502','DIRECCION DE LA AGENCIA','DEPARTAMENTO DE INSPECCION FINANCIERA Y TRIBUTARIA','S.G.DE PRESUPUESTOS Y GESTION FINANCIERA'),('E04075601','E04075901','E04125502','DIRECCION DE LA AGENCIA','DEPARTAMENTO DE RECAUDACION','S.G.DE PRESUPUESTOS Y GESTION FINANCIERA'),('E04075601','E04076001','E04125502','DIRECCION DE LA AGENCIA','DEPARTAMENTO DE ADUANAS E IMPUESTOS ESPECIALES','S.G.DE PRESUPUESTOS Y GESTION FINANCIERA'),('E04075601','E04076201','E04125502','DIRECCION DE LA AGENCIA','DEPARTAMENTO DE INFORMATICA TRIBUTARIA','S.G.DE PRESUPUESTOS Y GESTION FINANCIERA'),('E04075601','E04076301','E04125502','DIRECCION DE LA AGENCIA','SERVICIO DE AUDITORIA INTERNA','S.G.DE PRESUPUESTOS Y GESTION FINANCIERA'),('E04075601','E04076401','E04125502','DIRECCION DE LA AGENCIA','SERVICIO JURIDICO DE LA AGENCIA','S.G.DE PRESUPUESTOS Y GESTION FINANCIERA'),('E04075601','E04767601','E04125502','DIRECCION DE LA AGENCIA','DEPARTAMENTO DE RECURSOS HUMANOS','S.G.DE PRESUPUESTOS Y GESTION FINANCIERA'),('E04075601','E04767701','E04125502','DIRECCION DE LA AGENCIA','SERVICIO DE GESTION ECONOMICA','S.G.DE PRESUPUESTOS Y GESTION FINANCIERA'),('E04075601','E04860801','E04125502','DIRECCION DE LA AGENCIA','SERVICIO DE ESTUDIOS TRIBUTARIOS Y ESTADISTICAS','S.G.DE PRESUPUESTOS Y GESTION FINANCIERA'),('E04075601','E04896801','E04125502','DIRECCION DE LA AGENCIA','SERVICIO PLANIFICACION Y RELACIONES INSTITUCIONALES','S.G.DE PRESUPUESTOS Y GESTION FINANCIERA'),('E04076602','E04128903','E04179203','DELEGACION ESPECIAL DE LA AEAT DE ANDALUCIA, CEUTA Y MELILLA (REPÚBLICA ARGENTINA)','AREA DE RECURSOS HUMANOS Y GESTION ECONOMICA','AREA DE RECURSOS HUMANOS Y GESTION ECONOMICA'),('E04076602','E04179203','E04179203','DELEGACION ESPECIAL DE LA AEAT DE ANDALUCIA, CEUTA Y MELILLA (REPÚBLICA ARGENTINA)','AREA DE RECURSOS HUMANOS Y GESTION ECONOMICA','AREA DE RECURSOS HUMANOS Y GESTION ECONOMICA'),('E04078401','E04078401','E04125502','GABINETE DEL DIRECTOR DE LA AGENCIA','GABINETE DEL DIRECTOR DE LA AGENCIA','S.G.DE PRESUPUESTOS Y GESTION FINANCIERA'),('E04079201','E04079201','E04125502','S.G. DE PLANIFICACION Y COORDINACION','S.G. DE PLANIFICACION Y COORDINACION','S.G.DE PRESUPUESTOS Y GESTION FINANCIERA'),('E04079501','E04079501','E04125502','S.G. DE INSPECCION TERRITORIAL','S.G. DE INSPECCION TERRITORIAL','S.G.DE PRESUPUESTOS Y GESTION FINANCIERA'),('E04080501','E04080501','E04125502','S.G. DE ORGANIZACION Y PLANIFICACION','S.G. DE ORGANIZACION Y PLANIFICACION','S.G.DE PRESUPUESTOS Y GESTION FINANCIERA'),('E04081201','E04081201','E04125502','S.G. DE PLANIFICACION, ESTADISTICA Y COORDINACION','S.G. DE PLANIFICACION, ESTADISTICA Y COORDINACION','S.G.DE PRESUPUESTOS Y GESTION FINANCIERA'),('E04082201','E04082201','E04125502','S.G. DE PLANIFICACION Y COORDINACION INFORMATICA','S.G. DE PLANIFICACION Y COORDINACION INFORMATICA','S.G.DE PRESUPUESTOS Y GESTION FINANCIERA'),('E04082701','E04082701','E04125502','DIRECCION DEL SERVICIO','DIRECCION DEL SERVICIO','S.G.DE PRESUPUESTOS Y GESTION FINANCIERA'),('E04083301','E04083301','E04125502','S.G. DE ORGANIZACION Y ASISTENCIA JURIDICA','S.G. DE ORGANIZACION Y ASISTENCIA JURIDICA','S.G.DE PRESUPUESTOS Y GESTION FINANCIERA'),('E04125202','E04125202','E04125502','S.G.DE PROGRAMACION E INCENTIVACION','S.G.DE PROGRAMACION E INCENTIVACION','S.G.DE PRESUPUESTOS Y GESTION FINANCIERA'),('E04125502','E04125502','E04125502','S.G.DE PRESUPUESTOS Y GESTION FINANCIERA','S.G.DE PRESUPUESTOS Y GESTION FINANCIERA','S.G.DE PRESUPUESTOS Y GESTION FINANCIERA'),('E04588601','E04853401','E03063604','SUBSECRETARIA DE ASUNTOS EXTERIORES Y DE COOPERACION','S.G. DE OBRAS Y AMUEBLAMIENTO DE INMUEBLES EN EL EXTERIOR','I.D. MINISTERIO DE ASUNTOS EXTERIORES Y DE COOPERACION'),('E04595803','E04624203','E04850503','D.G. DEL AGUA','S.G. DE PROGRAMACION ECONOMICA','I.D. MINISTERIO DE AGRICULTURA, ALIMENTACION Y MEDIO AMBIENTE'),('E04609801','E04853401','E03063604','D.G. DEL SERVICIO EXTERIOR','S.G. DE OBRAS Y AMUEBLAMIENTO DE INMUEBLES EN EL EXTERIOR','I.D. MINISTERIO DE ASUNTOS EXTERIORES Y DE COOPERACION'),('E04609801','E04853501','E03063604','D.G. DEL SERVICIO EXTERIOR','S.G. DE INFORMATICA, COMUNICACIONES Y REDES','I.D. MINISTERIO DE ASUNTOS EXTERIORES Y DE COOPERACION'),('E04627203','E04627203','E03723604','GERENCIA DE INFORMATICA DE LA SEGURIDAD SOCIAL','GERENCIA DE INFORMATICA DE LA SEGURIDAD SOCIAL','INTERVENCION DELEGADA EN LOS SERVICIOS CENTRALES DEL TGSS'),('E04712501','E04712501','E04125502','DEPENDENCIA DE GESTION DE MEDIOS Y RECURSOS','DEPENDENCIA DE GESTION DE MEDIOS Y RECURSOS','S.G.DE PRESUPUESTOS Y GESTION FINANCIERA'),('E04753001','E04753001','E00117701','SERVICIO MILITAR DE CONSTRUCCIONES (ZONA DE BURGOS)','SERVICIO MILITAR DE CONSTRUCCIONES (ZONA DE BURGOS)','CANAL DE EXPERIENCIAS HIDRODINAMICAS DE EL PARDO'),('E04753001','E04753001','E04753001','SERVICIO MILITAR DE CONSTRUCCIONES (ZONA DE BURGOS)','SERVICIO MILITAR DE CONSTRUCCIONES (ZONA DE BURGOS)','SERVICIO MILITAR DE CONSTRUCCIONES (ZONA DE BURGOS)'),('E04753101','E04753001','E04753101','SERVICIO MILITAR DE CONSTRUCCIONES (ZONA DE ZARAGOZA)','SERVICIO MILITAR DE CONSTRUCCIONES (ZONA DE BURGOS)','SERVICIO MILITAR DE CONSTRUCCIONES (ZONA DE ZARAGOZA)'),('E04761301','EA0003137','EA0003136','DIRECCION DE LA AGENCIA ESTATAL BOLETIN OFICIAL DEL ESTADO','UNIDAD TRAMITADORA','OFICINA DE CONTABILIDAD'),('E04767701','E04075601','E04125502','SERVICIO DE GESTION ECONOMICA','DIRECCION DE LA AGENCIA','S.G.DE PRESUPUESTOS Y GESTION FINANCIERA'),('E04767701','E04075701','E04125502','SERVICIO DE GESTION ECONOMICA','DEPARTAMENTO DE GESTION TRIBUTARIA','S.G.DE PRESUPUESTOS Y GESTION FINANCIERA'),('E04767701','E04075701','E04125702','SERVICIO DE GESTION ECONOMICA','DEPARTAMENTO DE GESTION TRIBUTARIA','S.G.DE CONTABILIDAD'),('E04767701','E04075801','E04125502','SERVICIO DE GESTION ECONOMICA','DEPARTAMENTO DE INSPECCION FINANCIERA Y TRIBUTARIA','S.G.DE PRESUPUESTOS Y GESTION FINANCIERA'),('E04767701','E04075801','E04125702','SERVICIO DE GESTION ECONOMICA','DEPARTAMENTO DE INSPECCION FINANCIERA Y TRIBUTARIA','S.G.DE CONTABILIDAD'),('E04767701','E04075901','E04125502','SERVICIO DE GESTION ECONOMICA','DEPARTAMENTO DE RECAUDACION','S.G.DE PRESUPUESTOS Y GESTION FINANCIERA'),('E04767701','E04076001','E04125502','SERVICIO DE GESTION ECONOMICA','DEPARTAMENTO DE ADUANAS E IMPUESTOS ESPECIALES','S.G.DE PRESUPUESTOS Y GESTION FINANCIERA'),('E04767701','E04076201','E04125502','SERVICIO DE GESTION ECONOMICA','DEPARTAMENTO DE INFORMATICA TRIBUTARIA','S.G.DE PRESUPUESTOS Y GESTION FINANCIERA'),('E04767701','E04076201','E04125702','SERVICIO DE GESTION ECONOMICA','DEPARTAMENTO DE INFORMATICA TRIBUTARIA','S.G.DE CONTABILIDAD'),('E04767701','E04076301','E04125502','SERVICIO DE GESTION ECONOMICA','SERVICIO DE AUDITORIA INTERNA','S.G.DE PRESUPUESTOS Y GESTION FINANCIERA'),('E04767701','E04076401','E04125502','SERVICIO DE GESTION ECONOMICA','SERVICIO JURIDICO DE LA AGENCIA','S.G.DE PRESUPUESTOS Y GESTION FINANCIERA'),('E04767701','E04179203','E04767701','SERVICIO DE GESTION ECONOMICA','AREA DE RECURSOS HUMANOS Y GESTION ECONOMICA','SERVICIO DE GESTION ECONOMICA'),('E04767701','E04767601','E04125502','SERVICIO DE GESTION ECONOMICA','DEPARTAMENTO DE RECURSOS HUMANOS','S.G.DE PRESUPUESTOS Y GESTION FINANCIERA'),('E04767701','E04767701','E04125502','SERVICIO DE GESTION ECONOMICA','SERVICIO DE GESTION ECONOMICA','S.G.DE PRESUPUESTOS Y GESTION FINANCIERA'),('E04767701','E04860801','E04125502','SERVICIO DE GESTION ECONOMICA','SERVICIO DE ESTUDIOS TRIBUTARIOS Y ESTADISTICAS','S.G.DE PRESUPUESTOS Y GESTION FINANCIERA'),('E04767701','E04896801','E04125502','SERVICIO DE GESTION ECONOMICA','SERVICIO PLANIFICACION Y RELACIONES INSTITUCIONALES','S.G.DE PRESUPUESTOS Y GESTION FINANCIERA'),('E04768901','E04771401','E04768101','SECRETARIA GENERAL','DEPARTAMENTO DE SISTEMAS Y TECNOLOGIAS DE LA INFORMACION','AGENCIA ESPAÑOLA DE COOPERACION INTERNAC. PARA EL DESARROLLO'),('E04771401','E04771401','E04771401','DEPARTAMENTO DE SISTEMAS Y TECNOLOGIAS DE LA INFORMACION','DEPARTAMENTO DE SISTEMAS Y TECNOLOGIAS DE LA INFORMACION','DEPARTAMENTO DE SISTEMAS Y TECNOLOGIAS DE LA INFORMACION'),('E04792401','E04792401','E02760503','SECRETARIA GENERAL ADJUNTA DE INFORMATICA','SECRETARIA GENERAL ADJUNTA DE INFORMATICA','SECRETARIA GENERAL ADJUNTA DE ACTUACION ECONOMICA'),('E04795002','E02750004','E04850503','D.G. DE ORDENACION PESQUERA','S.G. DE GESTION','I.D. MINISTERIO DE AGRICULTURA, ALIMENTACION Y MEDIO AMBIENTE'),('E04795203','E04851804','E04850503','D.G. DE SOSTENIBILIDAD DE LA COSTA Y DEL MAR','S.G. PARA LA PROTECCION DE LA COSTA','I.D. MINISTERIO DE AGRICULTURA, ALIMENTACION Y MEDIO AMBIENTE'),('E04795402','E02750004','E04850503','D.G. DE RECURSOS PESQUEROS Y ACUICULTURA','S.G. DE GESTION','I.D. MINISTERIO DE AGRICULTURA, ALIMENTACION Y MEDIO AMBIENTE'),('E04853401','E04853401','E03063604','S.G. DE OBRAS Y AMUEBLAMIENTO DE INMUEBLES EN EL EXTERIOR','S.G. DE OBRAS Y AMUEBLAMIENTO DE INMUEBLES EN EL EXTERIOR','I.D. MINISTERIO DE ASUNTOS EXTERIORES Y DE COOPERACION'),('E04858903','E04634705','E04946701','S.G. DE PROYECTOS INTERNACIONALES','S.G. DE GESTION ECONOMICA DE AYUDAS A LA INVESTIGACION','I.D. MINISTERO DE ECONOMIA Y COMPETITIVIDAD (A. CONTABILIDAD)'),('E04861601','E04861601','E04125502','S.G. DE PRESUPUESTACION Y SEGUIMIENTO DE LOS INGRESOS TRIBUTARIOS','S.G. DE PRESUPUESTACION Y SEGUIMIENTO DE LOS INGRESOS TRIBUTARIOS','S.G.DE PRESUPUESTOS Y GESTION FINANCIERA'),('E04888701','E04888701','E00117701','RELACION ESPECIAL DE PUESTOS DEL CANAL DE EX.R.HIDR.DEL PARDO (ACUERDO CONSEJO DE MINISTROS 2/7/10)','RELACION ESPECIAL DE PUESTOS DEL CANAL DE EX.R.HIDR.DEL PARDO (ACUERDO CONSEJO DE MINISTROS 2/7/10)','CANAL DE EXPERIENCIAS HIDRODINAMICAS DE EL PARDO'),('E04896901','E04896901','E04125502','DIRECCION DEL SERVICIO','DIRECCION DEL SERVICIO','S.G.DE PRESUPUESTOS Y GESTION FINANCIERA'),('E04921601','E04638302','E04637003','MINISTERIO DE INDUSTRIA, ENERGIA Y TURISMO','S.G. DE TECNOLOGIAS DE LA INFORMACION Y DE LAS COMUNICACIONES','I.D. MINISTERIO DE INDUSTRIA, ENERGIA Y TURISMO'),('E04929001','E04913203','EA0002720','SUBSECRETARIA DE HACIENDA Y ADMINISTRACIONES PUBLICAS','S.G. DE SERVICIOS Y COORDINACION TERRITORIAL','I.D. MINISTERIO DE HACIENDA Y ADMINISTRACIONES PUBLICAS (ÁREA DE HACIENDA)'),('E04930201','E04849502','E04850503','SUBSECRETARIA DE AGRICULTURA, ALIMENTACION Y MEDIO AMBIENTE','S.G. DE FOMENTO DEL DESARROLLO DEL MEDIO RURAL','I.D. MINISTERIO DE AGRICULTURA, ALIMENTACION Y MEDIO AMBIENTE'),('E04931401','GE0000195','E03064703','D.G. DE LA GUARDIA CIVIL','SERVICIO DE ABASTECIMIENTO','I.D. MINISTERIO DEL INTERIOR'),('E04932801','E04849502','E04850503','D.G. DE DESARROLLO RURAL Y POLITICA FORESTAL','S.G. DE FOMENTO DEL DESARROLLO DEL MEDIO RURAL','I.D. MINISTERIO DE AGRICULTURA, ALIMENTACION Y MEDIO AMBIENTE'),('E04933001','E02750004','E04850503','S.GRAL. DE PESCA','S.G. DE GESTION','I.D. MINISTERIO DE AGRICULTURA, ALIMENTACION Y MEDIO AMBIENTE'),('E04941501','E02706606','EA0002721','S.G. DE ASUNTOS GENERALES Y COORDINACION','S.G. DE PROGRAMAS, ESTUDIOS E IMPULSO DE LA ADMINISTRACION ELECTRONICA','I.D.MINISTERIO DE HACIENDA Y ADMINISTRACIONES PÚBLICAS (ÁREA DE ADMINISTRACIONES PÚBLICAS)'),('E04950902','E04950902','E04950902','CENTRO UNIVERSITARIO DE LA GUARDIA CIVIL','CENTRO UNIVERSITARIO DE LA GUARDIA CIVIL','CENTRO UNIVERSITARIO DE LA GUARDIA CIVIL'),('EA0000118','EA0000118','EA0000118','I.D. INSTITUTO SOCIAL DE LAS FUERZAS ARMADAS','I.D. INSTITUTO SOCIAL DE LAS FUERZAS ARMADAS','I.D. INSTITUTO SOCIAL DE LAS FUERZAS ARMADAS'),('EA0000143','EA0000143','EA0000095','CORREOS RIVAS-VACIAMADRID SUCURSAL 1','CORREOS RIVAS-VACIAMADRID SUCURSAL 1','I.D. CENTRO NACIONAL DE INFORMACIÓN GEOGRÁFICA'),('EA0002584','EA0008540','GE0000278','INSTITUTO DE CREDITO OFICIAL','DIRECCION GENERAL TECNICA Y DE RECURSOS','SERVICIOS GENERALES Y PATRIMONIO'),('EA0002584','EA0008540','GE0000299','INSTITUTO DE CREDITO OFICIAL','DIRECCION GENERAL TECNICA Y DE RECURSOS','SUBD. SISTEMAS DE INFORMACION'),('EA0002584','EA0008541','GE0000302','INSTITUTO DE CREDITO OFICIAL','GABINETE','AREA COMUNICACION Y REL. INSTITUCIONALES'),('EA0002584','EA0008542','GE0000301','INSTITUTO DE CREDITO OFICIAL','SD ASESORIA JURIDICA','SUBD. ASESORIA JURIDICA'),('EA0002584','EA0008543','GE0000304','INSTITUTO DE CREDITO OFICIAL','DG RIESGOS Y CONTROL FINANCIERO','ADMINISTRACION ICO'),('EA0002691','EA0002703','EA0002702','GERENCIA DE CAPN','COORDINADOR DE INFORMATICA Y COMUNICACIONES','SERVICIO DE CONTABILIDAD'),('EA0002994','EA0002994','E02926602','AREA DE SERVICIOS ECONOMICOS DE LA SUB. GRAL. DE SERV. ECONOMICOS Y PAG.','AREA DE SERVICIOS ECONOMICOS DE LA SUB. GRAL. DE SERV. ECONOMICOS Y PAG.','S.G. DE CONTABILIDAD'),('EA0002998','EA0002998','E02926602','SEA DEL HOSPITAL CENTRAL DE LA DEFENSA \"\"GOMEZ ULLA\"\"','SEA DEL HOSPITAL CENTRAL DE LA DEFENSA \"\"GOMEZ ULLA\"\"','S.G. DE CONTABILIDAD'),('EA0003111','EA0003111','EA0003111','CENTRO NACIONAL DE INTELIGENCIA','CENTRO NACIONAL DE INTELIGENCIA','CENTRO NACIONAL DE INTELIGENCIA'),('EA0003112','EA0003112','EA0003112','CENTRO CRIPTOLOGICO NACIONAL','CENTRO CRIPTOLOGICO NACIONAL','CENTRO CRIPTOLOGICO NACIONAL'),('EA0003226','EA0003226','E03088004','ESCUELA NACIONAL DE POLICÍA','ESCUELA NACIONAL DE POLICÍA','DELEGACION PROVINCIAL DE ECONOMIA Y HACIENDA DE AVILA - INTERVENCION TERRITORIAL'),('EA0003343','EA0003343','EA0003343','SOCIEDAD DE SALVAMENTO Y SEGURIDAD MARÍTIMA (SASEMAR)','SOCIEDAD DE SALVAMENTO Y SEGURIDAD MARÍTIMA (SASEMAR)','SOCIEDAD DE SALVAMENTO Y SEGURIDAD MARÍTIMA (SASEMAR)'),('EA0008444','EA0008444','EA0008444','FRATERNIDAD MUPRESPA','FRATERNIDAD MUPRESPA','FRATERNIDAD MUPRESPA'),('EA0008583','EA0008599','EA0008599','SECRETARÍA GENERAL','GESTIÓN ECONÓMICA','GESTIÓN ECONÓMICA'),('EA0008599','EA0008599','EA0008599','GESTIÓN ECONÓMICA','GESTIÓN ECONÓMICA','GESTIÓN ECONÓMICA'),('GE0000186','GE0000186','GE0000186','UGE SECCIÓN PRESUPUESTARIA 14','UGE SECCIÓN PRESUPUESTARIA 14','UGE SECCIÓN PRESUPUESTARIA 14'),('GE0000191','GE0000209','GE0000191','INTERVENCION','CARRETERAS','INTERVENCION'),('GE0000472','GE0000473','GE0000257','AYUNTAMIENTO ALMUSSAFES - ÓRGANOS DE GOBIERNO','AYUNTAMIENTO ALMUSSAFES - DEPORTES Y JUVENTUD','AYUNTAMIENTO ALMUSSAFES - CONTABILIDAD Y ÁREA ECONÓMICA'),('GE0001333','GE0000873','GE0000906','PRESIDENTE/DIPUTADO DELEGADO ÁREA HACIENDA','PROTECCIÓN CIVIL E INSTALACIONES','INTERVENCIÓN GENERAL DE DIPUTACIÓN PROVINCIAL DE TOLEDO'),('GE0001333','GE0000880','GE0000906','PRESIDENTE/DIPUTADO DELEGADO ÁREA HACIENDA','URBANISMO Y ARQUITECTURA','INTERVENCIÓN GENERAL DE DIPUTACIÓN PROVINCIAL DE TOLEDO'),('GE0001333','GE0000881','GE0000906','PRESIDENTE/DIPUTADO DELEGADO ÁREA HACIENDA','COOPERACIÓN MUNICIPAL','INTERVENCIÓN GENERAL DE DIPUTACIÓN PROVINCIAL DE TOLEDO'),('GE0001397','GE0001400','LA0000180','NEGOCIADO DE FACTURACION DEPORTES','UNIDAD TRAMITADORA NGDO FACTURACION DEPORTES','PATRONATO MUNICIPAL DE DEPORTES DE CASTELLÓN'),('L01020030','L01020030','L01020030','AYUNTAMIENTO DE ALBACETE','AYUNTAMIENTO DE ALBACETE','AYUNTAMIENTO DE ALBACETE'),('L01030128','L01030128','L01030128','Ayuntamiento de Algorfa','Ayuntamiento de Algorfa','Ayuntamiento de Algorfa'),('L01030319','L01030319','L01030319','Ayuntamiento de Benidorm','Ayuntamiento de Benidorm','Ayuntamiento de Benidorm'),('L01030651','LA0000938','LA0001048','Ayuntamiento de Elche/Elx','SERVICIO DE INFORMÁTICA','SECCIÓN DE CONTABILIDAD'),('L01030651','LA0001048','LA0001048','Ayuntamiento de Elche/Elx','SECCIÓN DE CONTABILIDAD','SECCIÓN DE CONTABILIDAD'),('L01030921','L01030921','L01030921','Ayuntamiento de Muro de Alcoy','Ayuntamiento de Muro de Alcoy','Ayuntamiento de Muro de Alcoy'),('L01030955','L01030955','L01030955','Ayuntamiento de Ondara','Ayuntamiento de Ondara','Ayuntamiento de Ondara'),('L01031148','L01031148','L01031148','Ayuntamiento de Romana, la','Ayuntamiento de Romana, la','Ayuntamiento de Romana, la'),('L01070110','L01070110','L01070110','AYUNTAMIENTO DE CALVIÀ','AYUNTAMIENTO DE CALVIÀ','AYUNTAMIENTO DE CALVIÀ'),('L01070547','L01070547','L01070547','Ayuntamiento de Santa Eulària des Riu','Ayuntamiento de Santa Eulària des Riu','Ayuntamiento de Santa Eulària des Riu'),('L01080919','L01080919','L01080919','Ayuntamiento de Gelida','Ayuntamiento de Gelida','Ayuntamiento de Gelida'),('L01100670','L01100670','L01100670','Ayuntamiento de Coria','Ayuntamiento de Coria','Ayuntamiento de Coria'),('L01110316','L01110316','L01110316','Ayuntamiento de San Fernando','Ayuntamiento de San Fernando','Ayuntamiento de San Fernando'),('L01120402','GE0000557','GE0000533','AYUNTAMIENTO DE CASTELLÓN DE LA PLANA/CASTELLÓ DE LA PLANA','UNIDAD TRAMITADORA NEGOCIADO FACTURACION','NEGOCIADO DE FACTURACION'),('L01140174','L01140174','L01140174','Ayuntamiento de Carlota, La','Ayuntamiento de Carlota, La','Ayuntamiento de Carlota, La'),('L01171557','L01171557','L01171557','Ayuntamiento de Salt','Ayuntamiento de Salt','Ayuntamiento de Salt'),('L01172168','L01172168','L01172168','AYUNTAMIENTO DE VILADASENS','AYUNTAMIENTO DE VILADASENS','AYUNTAMIENTO DE VILADASENS'),('L01180877','L01180877','L01180877','AYUNTAMIENTO DE GRANADA','AYUNTAMIENTO DE GRANADA','AYUNTAMIENTO DE GRANADA'),('L01181507','L01181507','L01181507','Ayuntamiento de Padul','Ayuntamiento de Padul','Ayuntamiento de Padul'),('L01210097','L01210097','L01210097','Ayuntamiento de Arroyomolinos de León','Ayuntamiento de Arroyomolinos de León','Ayuntamiento de Arroyomolinos de León'),('L01210255','L01210255','L01210255','Ayuntamiento de Cortegana','Ayuntamiento de Cortegana','Ayuntamiento de Cortegana'),('L01220187','L01220187','L01220187','Ayuntamiento de Alcubierre','Ayuntamiento de Alcubierre','Ayuntamiento de Alcubierre'),('L01220535','L01220535','L01220535','AYUNTAMIENTO DE BENABARRE','AYUNTAMIENTO DE BENABARRE','AYUNTAMIENTO DE BENABARRE'),('L01280066','L01280066','L01280066','Ayuntamiento de Alcobendas','Ayuntamiento de Alcobendas','Ayuntamiento de Alcobendas'),('L01280072','L01280072','L01280072','Ayuntamiento de Alcorcón','Ayuntamiento de Alcorcón','Ayuntamiento de Alcorcón'),('L01280148','L01280148','L01280148','Ayuntamiento de Arganda del Rey','Ayuntamiento de Arganda del Rey','Ayuntamiento de Arganda del Rey'),('L01280513','L01280513','L01280513','Ayuntamiento de Chapinería','Ayuntamiento de Chapinería','Ayuntamiento de Chapinería'),('L01280611','L01280611','L01280611','Ayuntamiento de Galapagar','Ayuntamiento de Galapagar','Ayuntamiento de Galapagar'),('L01280685','L01280685','L01280685','AYUNTAMIENTO DE GUADARRAMA','AYUNTAMIENTO DE GUADARRAMA','AYUNTAMIENTO DE GUADARRAMA'),('L01280796','L01280796','L01280796','Ayuntamiento de Madrid','Ayuntamiento de Madrid','Ayuntamiento de Madrid'),('L01281028','L01281028','L01281028','Ayuntamiento de Orusco de Tajuña','Ayuntamiento de Orusco de Tajuña','Ayuntamiento de Orusco de Tajuña'),('L01281343','L01281343','L01281343','Ayuntamiento de San Sebastián de los Reyes','Ayuntamiento de San Sebastián de los Reyes','Ayuntamiento de San Sebastián de los Reyes'),('L01281659','L01281659','L01281659','Ayuntamiento de Valdilecha','Ayuntamiento de Valdilecha','Ayuntamiento de Valdilecha'),('L01290897','L01290897','L01290897','Ayuntamiento de Teba','Ayuntamiento de Teba','Ayuntamiento de Teba'),('L01300161','L01300161','L01300161','AYUNTAMIENTO DE CARTAGENA','AYUNTAMIENTO DE CARTAGENA','AYUNTAMIENTO DE CARTAGENA'),('L01300389','L01300389','L01300389','Ayuntamiento de Torres de Cotillas, Las','Ayuntamiento de Torres de Cotillas, Las','Ayuntamiento de Torres de Cotillas, Las'),('L01312016','L01312016','L01312016','AYUNTAMIENTO DE PAMPLONA/IRUÑA','AYUNTAMIENTO DE PAMPLONA/IRUÑA','AYUNTAMIENTO DE PAMPLONA/IRUÑA'),('L01320548','L01320548','L01320548','Ayuntamiento de Ourense','Ayuntamiento de Ourense','Ayuntamiento de Ourense'),('L01350234','L01350234','L01350234','Ayuntamiento de Santa María de Guía de Gran Canaria','Ayuntamiento de Santa María de Guía de Gran Canaria','Ayuntamiento de Santa María de Guía de Gran Canaria'),('L01360388','L01360388','L01360388','Ayuntamiento de Pontevedra','Ayuntamiento de Pontevedra','Ayuntamiento de Pontevedra'),('L01380064','GE0001170','GE0001170','Ayuntamiento de Arona','INTERVENCIÓN GENERAL','INTERVENCIÓN GENERAL'),('L01380239','L01380239','L01380239','AYUNTAMIENTO DE SAN CRISTÓBAL DE LA LAGUNA','AYUNTAMIENTO DE SAN CRISTÓBAL DE LA LAGUNA','AYUNTAMIENTO DE SAN CRISTÓBAL DE LA LAGUNA'),('L01390759','L01390759','L01390759','AYUNTAMIENTO DE SANTANDER','AYUNTAMIENTO DE SANTANDER','AYUNTAMIENTO DE SANTANDER'),('L01410917','LA0002186','LA0002174','AYUNTAMIENTO DE SEVILLA','SERVICIO DE CONTRATACIÓN','INTERVENCIÓN GENERAL'),('L01410917','LA0002189','LA0002174','AYUNTAMIENTO DE SEVILLA','INSTITUTO TECNOLÓGICO DEL AYUNTAMIENTO DE SEVILLA','INTERVENCIÓN GENERAL'),('L01410917','LA0002390','LA0002174','AYUNTAMIENTO DE SEVILLA','UNIDAD ADMINISTRATIVA DISTRITO BELLAVISTA LA PALMERA','INTERVENCIÓN GENERAL'),('L01421736','L01421736','L01421736','Ayuntamiento de Soria','Ayuntamiento de Soria','Ayuntamiento de Soria'),('L01440504','L01440504','L01440504','Ayuntamiento de Calamocha','Ayuntamiento de Calamocha','Ayuntamiento de Calamocha'),('L01451650','L01451650','L01451650','AYUNTAMIENTO DE TALAVERA DE LA REINA','AYUNTAMIENTO DE TALAVERA DE LA REINA','AYUNTAMIENTO DE TALAVERA DE LA REINA'),('L01460060','L01460060','L01460060','Ayuntamiento de Albaida','Ayuntamiento de Albaida','Ayuntamiento de Albaida'),('L01461228','L01461228','L01461228','Ayuntamiento de Faura','Ayuntamiento de Faura','Ayuntamiento de Faura'),('L01461287','L01461287','L01461287','Ayuntamiento de Font de la Figuera, la','Ayuntamiento de Font de la Figuera, la','Ayuntamiento de Font de la Figuera, la'),('L01461691','L01461691','L01461691','Ayuntamiento de Mislata','Ayuntamiento de Mislata','Ayuntamiento de Mislata'),('L01461923','L01461923','L01461923','Ayuntamiento de Petrés','Ayuntamiento de Petrés','Ayuntamiento de Petrés'),('L01470761','L01470761','L01470761','Ayuntamiento de Laguna de Duero','Ayuntamiento de Laguna de Duero','Ayuntamiento de Laguna de Duero'),('L01471868','L01471868','L01471868','Ayuntamiento de Valladolid','Ayuntamiento de Valladolid','Ayuntamiento de Valladolid'),('L01502225','L01502225','L01502225','Ayuntamiento de Quinto','Ayuntamiento de Quinto','Ayuntamiento de Quinto'),('L01502973','L01502973','L01502973','Ayuntamiento de Zaragoza','Ayuntamiento de Zaragoza','Ayuntamiento de Zaragoza'),('L02000002','LA0000498','L02000002','Diputación Provincial de Albacete','SERVICIO DE INFORMÁTICA','Diputación Provincial de Albacete'),('L02000011','L02000011','L02000011','DIPUTACIÓN PROVINCIAL DE CÁDIZ','DIPUTACIÓN PROVINCIAL DE CÁDIZ','DIPUTACIÓN PROVINCIAL DE CÁDIZ'),('L02000013','L02000013','L02000013','Diputación Provincial de Ciudad Real','Diputación Provincial de Ciudad Real','Diputación Provincial de Ciudad Real'),('L02000021','L02000021','L02000021','DIPUTACIÓN PROVINCIAL DE HUELVA','DIPUTACIÓN PROVINCIAL DE HUELVA','DIPUTACIÓN PROVINCIAL DE HUELVA'),('L02000022','LA0000970','LA0000965','DIPUTACIÓN PROVINCIAL DE HUESCA','CULTURA EDUCACIÓN Y DEPORTE','INTERVENCIÓN. REGISTRO DE FACTURAS'),('L02000023','L02000023','L02000023','Diputación Provincial de Jaén','Diputación Provincial de Jaén','Diputación Provincial de Jaén'),('L02000041','L02000041','L02000041','Diputación Provincial de Sevilla','Diputación Provincial de Sevilla','Diputación Provincial de Sevilla'),('L03380011','L03380011','L03380011','CABILDO INSULAR DE TENERIFE','CABILDO INSULAR DE TENERIFE','CABILDO INSULAR DE TENERIFE'),('L05070001','L05070001','L05070001','Mancomunitat Pla de Mallorca','Mancomunitat Pla de Mallorca','Mancomunitat Pla de Mallorca'),('LA0000000','LA0000000','LA0000869','AGENCIA DE GESTIÓN DE LICENCIAS DE ACTIVIDAD','AGENCIA DE GESTIÓN DE LICENCIAS DE ACTIVIDAD','ID. EN AGLA'),('LA0000018','LA0000018','LA0000018','PATRONAT INTERCOMARCAL DE TURISME DE LA DIPUTACIÓ DE LLEIDA','PATRONAT INTERCOMARCAL DE TURISME DE LA DIPUTACIÓ DE LLEIDA','PATRONAT INTERCOMARCAL DE TURISME DE LA DIPUTACIÓ DE LLEIDA'),('LA0000093','LA0000093','LA0000093','INPRO','INPRO','INPRO'),('LA0000130','LA0000130','LA0000130','INSTITUTO INSULAR DE ATENCIÓN SOCIAL Y SOCIO-SANITARIA','INSTITUTO INSULAR DE ATENCIÓN SOCIAL Y SOCIO-SANITARIA','INSTITUTO INSULAR DE ATENCIÓN SOCIAL Y SOCIO-SANITARIA'),('LA0000222','LA0000222','LA0000222','GERENCIA MUNICIPAL DE URBANISMO DE LA LAGUNA','GERENCIA MUNICIPAL DE URBANISMO DE LA LAGUNA','GERENCIA MUNICIPAL DE URBANISMO DE LA LAGUNA'),('LA0000442','LA0000443','L01330241','DIRECCIÓN GENERAL DE SERVICIOS','SERVICIO DE SISTEMAS DE INFORMACIÓN','Ayuntamiento de Gijón'),('LA0000589','GE0000565','LA0000604','CENTRO INFORMÁTICO MUNICIPAL','UGEP - CENTRO MPAL. DE INFOMÁTICA','CENTRO MPAL. DE INFORMATICA - REGISTRO CONTABLE DE FACTURAS (AYTO. MALAGA)'),('LA0000728','LA0000728','LA0000728','PATRONATO SOCIOCULTURAL DEL  AYUNTAMIENTO DE ALCOBENDAS','PATRONATO SOCIOCULTURAL DEL  AYUNTAMIENTO DE ALCOBENDAS','PATRONATO SOCIOCULTURAL DEL  AYUNTAMIENTO DE ALCOBENDAS'),('LA0000729','LA0000728','LA0000728','PATRONATO MUNICIPAL DE DEPORTES DEL AYUNTAMIENTO DE ALCOBENDAS','PATRONATO SOCIOCULTURAL DEL  AYUNTAMIENTO DE ALCOBENDAS','PATRONATO SOCIOCULTURAL DEL  AYUNTAMIENTO DE ALCOBENDAS'),('LA0000730','LA0000728','LA0000728','PATRONATO DE BIENESTAR SOCIAL DEL AYUNTAMIENTO DE ALCOBENDAS','PATRONATO SOCIOCULTURAL DEL  AYUNTAMIENTO DE ALCOBENDAS','PATRONATO SOCIOCULTURAL DEL  AYUNTAMIENTO DE ALCOBENDAS'),('LA0000755','LA0000791','LA0000837','ÁREA DE GOBIERNO DE MEDIO AMBIENTE Y MOVILIDAD','D.G. DE SOSTENIBILIDAD Y PLANIFICACIÓN DE LA MOVILIDAD','I.D. EN MEDIO AMBIENTE Y MOVILIDAD'),('LA0000755','LA0000792','LA0000837','ÁREA DE GOBIERNO DE MEDIO AMBIENTE Y MOVILIDAD','D.G. DE VÍAS PÚBLICAS Y PUBLICIDAD EXTERIOR','I.D. EN MEDIO AMBIENTE Y MOVILIDAD'),('LA0000755','LA0000793','LA0000837','ÁREA DE GOBIERNO DE MEDIO AMBIENTE Y MOVILIDAD','D.G. DE INGENIERÍA URBANA Y GESTIÓN DEL AGUA','I.D. EN MEDIO AMBIENTE Y MOVILIDAD'),('LA0000755','LA0000794','LA0000837','ÁREA DE GOBIERNO DE MEDIO AMBIENTE Y MOVILIDAD','D.G. DE ZONAS VERDES, LIMPIEZA Y RESIDUOS','I.D. EN MEDIO AMBIENTE Y MOVILIDAD'),('LA0000755','LA0000795','LA0000837','ÁREA DE GOBIERNO DE MEDIO AMBIENTE Y MOVILIDAD','D.G. DEL PARQUE TECNLG. DE VALDEMINGÓMEZ','I.D. EN MEDIO AMBIENTE Y MOVILIDAD'),('LA0000755','LA0000796','LA0000837','ÁREA DE GOBIERNO DE MEDIO AMBIENTE Y MOVILIDAD','D.G. DE CONTROL AMBIENTAL, TRANS. Y APARCAMIENTOS','I.D. EN MEDIO AMBIENTE Y MOVILIDAD'),('LA0000756','LA0000808','LA0000838','ÁREA DE GOBIERNO DE ECONOMÍA, HACIENDA Y ADMINISTRACIÓN PÚBLICA','D.G. DE CONTRATACIÓN Y SERVICIOS','I.D. EN HACIENDA Y ADMINISTRACIÓN PÚBLICA'),('LA0000756','LA0000809','LA0000838','ÁREA DE GOBIERNO DE ECONOMÍA, HACIENDA Y ADMINISTRACIÓN PÚBLICA','D.G. DE PRESUPUESTOS','I.D. EN HACIENDA Y ADMINISTRACIÓN PÚBLICA'),('LA0000756','LA0000810','LA0000838','ÁREA DE GOBIERNO DE ECONOMÍA, HACIENDA Y ADMINISTRACIÓN PÚBLICA','D.G. DE SECTOR PÚBLICO','I.D. EN HACIENDA Y ADMINISTRACIÓN PÚBLICA'),('LA0000756','LA0000811','LA0000838','ÁREA DE GOBIERNO DE ECONOMÍA, HACIENDA Y ADMINISTRACIÓN PÚBLICA','D.G. DE  POLÍTICA FINANCIERA','I.D. EN HACIENDA Y ADMINISTRACIÓN PÚBLICA'),('LA0000762','LA0000762','LA0000844','DISTRITO DE CENTRO','DISTRITO DE CENTRO','I.D. EN DISTRITO DE CENTRO'),('LA0000836','LA0000759','LA0000824','I.D. EN LAS ARTES, DEPORTE, TURISMO, PRESIDENCIA PLENO Y COORDINACIÓN GRAL.ALCALDÍA','ÁREA DE GOBIERNO DE LAS ARTES, DEPORTES Y TURISMO','S.G.T. DE LAS ARTES, DEPORTES Y TURISMO'),('LA0000837','LA0000755','LA0000789','I.D. EN MEDIO AMBIENTE Y MOVILIDAD','ÁREA DE GOBIERNO DE MEDIO AMBIENTE Y MOVILIDAD','S.G.T. MEDIO AMBIENTE Y MOVILIDAD'),('LA0000837','LA0000755','LA0000790','I.D. EN MEDIO AMBIENTE Y MOVILIDAD','ÁREA DE GOBIERNO DE MEDIO AMBIENTE Y MOVILIDAD','D.G. DE GESTIÓN Y VIGILANCIA DE LA CIRCULACIÓN'),('LA0000837','LA0000755','LA0000791','I.D. EN MEDIO AMBIENTE Y MOVILIDAD','ÁREA DE GOBIERNO DE MEDIO AMBIENTE Y MOVILIDAD','D.G. DE SOSTENIBILIDAD Y PLANIFICACIÓN DE LA MOVILIDAD'),('LA0000837','LA0000755','LA0000792','I.D. EN MEDIO AMBIENTE Y MOVILIDAD','ÁREA DE GOBIERNO DE MEDIO AMBIENTE Y MOVILIDAD','D.G. DE VÍAS PÚBLICAS Y PUBLICIDAD EXTERIOR'),('LA0000837','LA0000755','LA0000793','I.D. EN MEDIO AMBIENTE Y MOVILIDAD','ÁREA DE GOBIERNO DE MEDIO AMBIENTE Y MOVILIDAD','D.G. DE INGENIERÍA URBANA Y GESTIÓN DEL AGUA'),('LA0000837','LA0000755','LA0000794','I.D. EN MEDIO AMBIENTE Y MOVILIDAD','ÁREA DE GOBIERNO DE MEDIO AMBIENTE Y MOVILIDAD','D.G. DE ZONAS VERDES, LIMPIEZA Y RESIDUOS'),('LA0000837','LA0000755','LA0000795','I.D. EN MEDIO AMBIENTE Y MOVILIDAD','ÁREA DE GOBIERNO DE MEDIO AMBIENTE Y MOVILIDAD','D.G. DEL PARQUE TECNLG. DE VALDEMINGÓMEZ'),('LA0000837','LA0000755','LA0000796','I.D. EN MEDIO AMBIENTE Y MOVILIDAD','ÁREA DE GOBIERNO DE MEDIO AMBIENTE Y MOVILIDAD','D.G. DE CONTROL AMBIENTAL, TRANS. Y APARCAMIENTOS'),('LA0000837','LA0000789','LA0000755','I.D. EN MEDIO AMBIENTE Y MOVILIDAD','S.G.T. MEDIO AMBIENTE Y MOVILIDAD','ÁREA DE GOBIERNO DE MEDIO AMBIENTE Y MOVILIDAD'),('LA0000837','LA0000790','LA0000755','I.D. EN MEDIO AMBIENTE Y MOVILIDAD','D.G. DE GESTIÓN Y VIGILANCIA DE LA CIRCULACIÓN','ÁREA DE GOBIERNO DE MEDIO AMBIENTE Y MOVILIDAD'),('LA0000837','LA0000791','LA0000755','I.D. EN MEDIO AMBIENTE Y MOVILIDAD','D.G. DE SOSTENIBILIDAD Y PLANIFICACIÓN DE LA MOVILIDAD','ÁREA DE GOBIERNO DE MEDIO AMBIENTE Y MOVILIDAD'),('LA0000837','LA0000792','LA0000755','I.D. EN MEDIO AMBIENTE Y MOVILIDAD','D.G. DE VÍAS PÚBLICAS Y PUBLICIDAD EXTERIOR','ÁREA DE GOBIERNO DE MEDIO AMBIENTE Y MOVILIDAD'),('LA0000837','LA0000793','LA0000755','I.D. EN MEDIO AMBIENTE Y MOVILIDAD','D.G. DE INGENIERÍA URBANA Y GESTIÓN DEL AGUA','ÁREA DE GOBIERNO DE MEDIO AMBIENTE Y MOVILIDAD'),('LA0000837','LA0000794','LA0000755','I.D. EN MEDIO AMBIENTE Y MOVILIDAD','D.G. DE ZONAS VERDES, LIMPIEZA Y RESIDUOS','ÁREA DE GOBIERNO DE MEDIO AMBIENTE Y MOVILIDAD'),('LA0000837','LA0000795','LA0000755','I.D. EN MEDIO AMBIENTE Y MOVILIDAD','D.G. DEL PARQUE TECNLG. DE VALDEMINGÓMEZ','ÁREA DE GOBIERNO DE MEDIO AMBIENTE Y MOVILIDAD'),('LA0000837','LA0000796','LA0000755','I.D. EN MEDIO AMBIENTE Y MOVILIDAD','D.G. DE CONTROL AMBIENTAL, TRANS. Y APARCAMIENTOS','ÁREA DE GOBIERNO DE MEDIO AMBIENTE Y MOVILIDAD'),('LA0000838','LA0000756','LA0000808','I.D. EN HACIENDA Y ADMINISTRACIÓN PÚBLICA','ÁREA DE GOBIERNO DE ECONOMÍA, HACIENDA Y ADMINISTRACIÓN PÚBLICA','D.G. DE CONTRATACIÓN Y SERVICIOS'),('LA0000838','LA0000756','LA0000809','I.D. EN HACIENDA Y ADMINISTRACIÓN PÚBLICA','ÁREA DE GOBIERNO DE ECONOMÍA, HACIENDA Y ADMINISTRACIÓN PÚBLICA','D.G. DE PRESUPUESTOS'),('LA0000838','LA0000756','LA0000810','I.D. EN HACIENDA Y ADMINISTRACIÓN PÚBLICA','ÁREA DE GOBIERNO DE ECONOMÍA, HACIENDA Y ADMINISTRACIÓN PÚBLICA','D.G. DE SECTOR PÚBLICO'),('LA0000838','LA0000756','LA0000811','I.D. EN HACIENDA Y ADMINISTRACIÓN PÚBLICA','ÁREA DE GOBIERNO DE ECONOMÍA, HACIENDA Y ADMINISTRACIÓN PÚBLICA','D.G. DE  POLÍTICA FINANCIERA'),('LA0000844','LA0000762','LA0000762','I.D. EN DISTRITO DE CENTRO','DISTRITO DE CENTRO','DISTRITO DE CENTRO'),('LA0000869','LA0000000','LA0000000','ID. EN AGLA','AGENCIA DE GESTIÓN DE LICENCIAS DE ACTIVIDAD','AGENCIA DE GESTIÓN DE LICENCIAS DE ACTIVIDAD'),('LA0001025','LA0001026','LA0001022','ALCALDIA (OG)','OBRAS Y SERVICIOS MUNICIPALES (UT)','INTERVENCION-CONTABILIDAD (OC)'),('LA0001142','GE0000297','LA0001463','EXCMO. AYUNTAMIENTO DE MÁLAGA','UGEP - INTERVENCION GENERAL','AYTO. MÁLAGA - REGISTRO CENTRAL DE FACTURAS'),('U00000005','U00000005','U00000005','UNIVERSIDAD AUTÓNOMA DE MADRID','UNIVERSIDAD AUTÓNOMA DE MADRID','UNIVERSIDAD AUTÓNOMA DE MADRID'),('U00000007','U00000007','U00000007','UNIVERSIDAD CARLOS III DE MADRID','UNIVERSIDAD CARLOS III DE MADRID','UNIVERSIDAD CARLOS III DE MADRID'),('U00000031','U00000077','U00000031','UNIVERSIDAD DE MURCIA','GERENTE','UNIVERSIDAD DE MURCIA'),('U00000036','U00000036','U00000036','UNIVERSIDAD DE VALLADOLID','UNIVERSIDAD DE VALLADOLID','UNIVERSIDAD DE VALLADOLID'),('U00000045','U00000045','U00000045','UNIVERSIDAD MIGUEL HERNÁNDEZ DE ELCHE','UNIVERSIDAD MIGUEL HERNÁNDEZ DE ELCHE','UNIVERSIDAD MIGUEL HERNÁNDEZ DE ELCHE'),('U00000063','U00000063','U00000063','UNIVERSITAT DE LES ILLES BALEARS','UNIVERSITAT DE LES ILLES BALEARS','UNIVERSITAT DE LES ILLES BALEARS'),('U00000169','U00000170','U00000168','INSTITUTO UNIVERSITARIO DE INGENIERÍA DE ALIMENTOS PARA EL DESARROLLO','INSTITUTO UNIVERSITARIO DE INGENIERÍA DEL AGUA Y DEL MEDIO AMBIENTE','INSTITUTO UNIVERSITARIO DE CONSERVACIÓN Y MEJORA DE LA AGRODIVERSIDAD VALENCIANA'),('U00000701','U00000700','U00000700','FACULTAD DE DERECHO','SERVICIO DE CONTABILIDAD','SERVICIO DE CONTABILIDAD'),('U00000701','U00000701','U00000700','FACULTAD DE DERECHO','FACULTAD DE DERECHO','SERVICIO DE CONTABILIDAD'),('U00000702','U00000702','U00000700','FACULTAD DE CIENCIAS','FACULTAD DE CIENCIAS','SERVICIO DE CONTABILIDAD'),('U00000729','U00000729','U00000785','ESCUELA POLITECNICA  DE INGENIERIA DE GIJON','ESCUELA POLITECNICA  DE INGENIERIA DE GIJON','SERVICIO DE CONTABILIDAD PRESUPUESTARIA Y FINANCIERA'),('U00000800','U00000772','U00000785','VICERRECTORADO DE CAMPUS, INFORMÁTICA E INFRAESTRUCTURAS','SERVICIO DE INFORMÁTICA Y COMUNICACIONES','SERVICIO DE CONTABILIDAD PRESUPUESTARIA Y FINANCIERA');

/*Table structure for table `usuario` */

DROP TABLE IF EXISTS `usuario`;

CREATE TABLE `usuario` (
  `usuario_id` int(11) NOT NULL AUTO_INCREMENT,
  `nombre` varchar(255) DEFAULT NULL,
  `login` varchar(255) DEFAULT NULL,
  `password` varchar(255) DEFAULT NULL,
  `email` varchar(255) DEFAULT NULL,
  `nif` varchar(255) DEFAULT NULL,
  `cliente_id` int(11) DEFAULT NULL,
  `departamento_id` int(11) DEFAULT NULL,
  PRIMARY KEY (`usuario_id`)
) ENGINE=InnoDB AUTO_INCREMENT=18 DEFAULT CHARSET=utf8;

/*Data for the table `usuario` */

insert  into `usuario`(`usuario_id`,`nombre`,`login`,`password`,`email`,`nif`,`cliente_id`,`departamento_id`) values (1,'Usuario Automático','Q4601048D','bomer','rafael.garcia@ariadnasoftware.com','Q4601048D',1468,0),(2,'Usuario Automático','Q3150012G','Q3150012G',NULL,'Q3150012G',NULL,NULL),(3,'Usuario Automático','B96460605','B96460605',NULL,'B96460605',NULL,NULL),(4,'Usuario Automático','A46228730','A46228730',NULL,'A46228730',NULL,NULL),(5,'Usuario Automático','S9600003I','S9600003I',NULL,'S9600003I',NULL,NULL),(6,'Usuario Automático','B96600499','B96600499',NULL,'B96600499',NULL,NULL),(7,'Usuario Automático','B97572846','B97572846',NULL,'B97572846',NULL,NULL),(8,'Usuario Automático','A28171288','A28171288',NULL,'A28171288',NULL,NULL),(9,'Usuario Automático','B96846472','B96846472',NULL,'B96846472',NULL,NULL),(10,'Usuario Automático','A46007126','A46007126',NULL,'A46007126',NULL,NULL),(11,'Usuario Automático','Q9650007I','Q9650007I',NULL,'Q9650007I',NULL,NULL),(12,'Usuario Automático','G96308184','G96308184',NULL,'G96308184',NULL,NULL),(13,'Usuario Automático','A46152336','A46152336',NULL,'A46152336',NULL,NULL),(14,'Usuario Automático','B96246350','B96246350',NULL,'B96246350',NULL,NULL),(15,'Usuario Automático','Q2866004A','Q2866004A',NULL,'Q2866004A',NULL,NULL),(16,'Usuario Automático','S4611001A','S4611001A','rafa@myariadna.com','S4611001A',1483,0),(17,'Pepito el Listp','Pep','pepe','rafa@myariadna.com','S4611001A',1483,1);

/*!40101 SET SQL_MODE=@OLD_SQL_MODE */;
/*!40014 SET FOREIGN_KEY_CHECKS=@OLD_FOREIGN_KEY_CHECKS */;
/*!40014 SET UNIQUE_CHECKS=@OLD_UNIQUE_CHECKS */;
/*!40111 SET SQL_NOTES=@OLD_SQL_NOTES */;
